[{"pid":1,"p_name":"Community Outreach Specialist"},
{"pid":2,"p_name":"Programmer Analyst I"},
{"pid":3,"p_name":"Financial Advisor"},
{"pid":4,"p_name":"Quality Control Specialist"},
{"pid":5,"p_name":"Human Resources Assistant IV"},
{"pid":6,"p_name":"Health Coach II"},
{"pid":7,"p_name":"Physical Therapy Assistant"},
{"pid":8,"p_name":"Teacher"},
{"pid":9,"p_name":"Compensation Analyst"},
{"pid":10,"p_name":"Database Administrator I"},
{"pid":11,"p_name":"General Manager"},
{"pid":12,"p_name":"Business Systems Development Analyst"},
{"pid":13,"p_name":"Data Coordiator"},
{"pid":14,"p_name":"Desktop Support Technician"},
{"pid":15,"p_name":"Computer Systems Analyst II"},
{"pid":16,"p_name":"VP Product Management"},
{"pid":17,"p_name":"Senior Developer"},
{"pid":18,"p_name":"Budget/Accounting Analyst I"},
{"pid":19,"p_name":"Librarian"},
{"pid":20,"p_name":"Structural Engineer"}]