[
    {
        "firstName": "Rita",
        "lastName": "Newvill",
        "email": "rnewvill0@mozilla.com",
        "password": "test",
        "telephone": "1017695987",
        "address": "24 Laurel Crossing",
        "dob": "1983-10-11",
        "ed": "2021-01-24",
        "departmentId": 3,
        "positionId": 14
    },
    {
        "firstName": "Barnie",
        "lastName": "Gniewosz",
        "email": "bgniewosz1@gmpg.org",
        "password": "Ei4B8bYIlwlz",
        "telephone": "9981995788",
        "address": "1 Memorial Place",
        "dob": "2002-01-23",
        "ed": "2021-01-28",
        "departmentId": 3,
        "positionId": 1
    },
    {
        "firstName": "Lee",
        "lastName": "Holleworth",
        "email": "lholleworth2@cyberchimps.com",
        "password": "0xbNS2n",
        "telephone": "1711563537",
        "address": "731 Manitowish Circle",
        "dob": "2001-03-22",
        "ed": "2020-03-18",
        "departmentId": 2,
        "positionId": 7
    },
    {
        "firstName": "Clary",
        "lastName": "Duke",
        "email": "cduke3@yahoo.co.jp",
        "password": "4gSkPU0",
        "telephone": "1668219628",
        "address": "21114 Lien Alley",
        "dob": "1992-07-27",
        "ed": "2021-01-24",
        "departmentId": 4,
        "positionId": 5
    },
    {
        "firstName": "Meghan",
        "lastName": "Murrell",
        "email": "mmurrell4@nps.gov",
        "password": "aQtFnJtSpZR5",
        "telephone": "5695596121",
        "address": "3 Fulton Center",
        "dob": "1970-01-01",
        "ed": "2021-07-24",
        "departmentId": 3,
        "positionId": 10
    },
    {
        "firstName": "Andrew",
        "lastName": "De Robertis",
        "email": "aderobertis5@earthlink.net",
        "password": "mJ8aT3VcH3ne",
        "telephone": "6076027802",
        "address": "9885 John Wall Way",
        "dob": "1977-12-31",
        "ed": "2020-02-29",
        "departmentId": 4,
        "positionId": 6
    },
    {
        "firstName": "Matthiew",
        "lastName": "Porkiss",
        "email": "mporkiss6@sciencedirect.com",
        "password": "VIShsCHfxAw",
        "telephone": "4377205317",
        "address": "216 Myrtle Road",
        "dob": "2001-12-30",
        "ed": "2021-06-04",
        "departmentId": 4,
        "positionId": 11
    },
    {
        "firstName": "Balduin",
        "lastName": "Le feaver",
        "email": "blefeaver7@cargocollective.com",
        "password": "BSJPISbQ5yH",
        "telephone": "7281598661",
        "address": "231 Clarendon Center",
        "dob": "1989-04-06",
        "ed": "2020-12-05",
        "departmentId": 3,
        "positionId": 4
    },
    {
        "firstName": "Chev",
        "lastName": "Wiggett",
        "email": "cwiggett8@gravatar.com",
        "password": "ZTUolbsY5bY",
        "telephone": "2036077346",
        "address": "5 Hayes Drive",
        "dob": "1982-09-29",
        "ed": "2020-05-08",
        "departmentId": 2,
        "positionId": 1
    },
    {
        "firstName": "Waring",
        "lastName": "Roberts",
        "email": "wroberts9@lulu.com",
        "password": "x6QxxrtLnQ",
        "telephone": "4184860876",
        "address": "7 Scofield Court",
        "dob": "1994-03-14",
        "ed": "2021-12-16",
        "departmentId": 4,
        "positionId": 3
    },
    {
        "firstName": "Anabal",
        "lastName": "Pods",
        "email": "apodsa@army.mil",
        "password": "lqGSOHO2a",
        "telephone": "1162831535",
        "address": "236 Schmedeman Way",
        "dob": "1982-04-03",
        "ed": "2020-05-25",
        "departmentId": 5,
        "positionId": 7
    },
    {
        "firstName": "Selma",
        "lastName": "Clemonts",
        "email": "sclemontsb@sciencedirect.com",
        "password": "qW15k2xg0o",
        "telephone": "4026020107",
        "address": "6 Burrows Center",
        "dob": "2000-10-24",
        "ed": "2021-06-30",
        "departmentId": 4,
        "positionId": 19
    },
    {
        "firstName": "Salli",
        "lastName": "Sisland",
        "email": "ssislandc@miibeian.gov.cn",
        "password": "8djKDKzPCrJ",
        "telephone": "4123926777",
        "address": "27 Mosinee Park",
        "dob": "1988-07-16",
        "ed": "2020-06-16",
        "departmentId": 4,
        "positionId": 1
    },
    {
        "firstName": "Bree",
        "lastName": "McCleverty",
        "email": "bmcclevertyd@netscape.com",
        "password": "f6Sa4efgN",
        "telephone": "6474066705",
        "address": "8 Becker Alley",
        "dob": "1991-05-27",
        "ed": "2021-08-05",
        "departmentId": 3,
        "positionId": 1
    },
    {
        "firstName": "Olly",
        "lastName": "Buttwell",
        "email": "obuttwelle@mac.com",
        "password": "EheQr6aRNr",
        "telephone": "8436979702",
        "address": "55 Northfield Drive",
        "dob": "1987-11-30",
        "ed": "2021-07-08",
        "departmentId": 5,
        "positionId": 10
    },
    {
        "firstName": "Chrysler",
        "lastName": "Lackington",
        "email": "clackingtonf@wix.com",
        "password": "YbbpiKUur",
        "telephone": "1824905761",
        "address": "77 La Follette Lane",
        "dob": "1985-09-27",
        "ed": "2022-04-24",
        "departmentId": 1,
        "positionId": 2
    },
    {
        "firstName": "Rog",
        "lastName": "Ingham",
        "email": "ringhamg@photobucket.com",
        "password": "V9fsZQLBomW",
        "telephone": "8259715498",
        "address": "39 Lillian Terrace",
        "dob": "1990-02-26",
        "ed": "2021-04-20",
        "departmentId": 3,
        "positionId": 4
    },
    {
        "firstName": "Denys",
        "lastName": "Procter",
        "email": "dprocterh@youku.com",
        "password": "VszhCY0",
        "telephone": "1751968370",
        "address": "42950 Moland Pass",
        "dob": "1992-02-12",
        "ed": "2021-01-25",
        "departmentId": 4,
        "positionId": 5
    },
    {
        "firstName": "Gaylor",
        "lastName": "Armin",
        "email": "garmini@wix.com",
        "password": "x5woyKOhtU6F",
        "telephone": "1865746782",
        "address": "92 Judy Circle",
        "dob": "1998-08-02",
        "ed": "2021-03-15",
        "departmentId": 3,
        "positionId": 1
    },
    {
        "firstName": "Anabelle",
        "lastName": "Womersley",
        "email": "awomersleyj@joomla.org",
        "password": "atM10aeHv5",
        "telephone": "2192062145",
        "address": "1521 Arrowood Junction",
        "dob": "1999-03-13",
        "ed": "2022-03-03",
        "departmentId": 2,
        "positionId": 14
    },
    {
        "firstName": "Cathryn",
        "lastName": "Keilloh",
        "email": "ckeillohk@histats.com",
        "password": "o26SW8",
        "telephone": "9131536681",
        "address": "83 Melby Circle",
        "dob": "1980-05-07",
        "ed": "2020-04-16",
        "departmentId": 3,
        "positionId": 1
    },
    {
        "firstName": "Alisa",
        "lastName": "Ilyukhov",
        "email": "ailyukhovl@mail.ru",
        "password": "mWowrmnKc6uQ",
        "telephone": "1627773860",
        "address": "40 Lien Street",
        "dob": "1980-01-21",
        "ed": "2020-08-20",
        "departmentId": 4,
        "positionId": 16
    },
    {
        "firstName": "Rosanne",
        "lastName": "Palfrie",
        "email": "rpalfriem@typepad.com",
        "password": "Og2Jid14E",
        "telephone": "8811774183",
        "address": "34 Vernon Hill",
        "dob": "1985-09-20",
        "ed": "2021-04-22",
        "departmentId": 1,
        "positionId": 5
    },
    {
        "firstName": "Calla",
        "lastName": "Tribell",
        "email": "ctribelln@yolasite.com",
        "password": "QvOLXJegPQer",
        "telephone": "1134944588",
        "address": "75740 Fallview Junction",
        "dob": "1971-10-07",
        "ed": "2020-08-03",
        "departmentId": 1,
        "positionId": 1
    },
    {
        "firstName": "Vicki",
        "lastName": "Heaviside",
        "email": "vheavisideo@google.ru",
        "password": "jFT06CfS",
        "telephone": "3063351959",
        "address": "90533 Kinsman Alley",
        "dob": "1991-09-28",
        "ed": "2021-03-18",
        "departmentId": 2,
        "positionId": 7
    },
    {
        "firstName": "Chrissy",
        "lastName": "Bubear",
        "email": "cbubearp@globo.com",
        "password": "hD2NaNRYMnyf",
        "telephone": "7234887335",
        "address": "33181 Merrick Road",
        "dob": "1979-02-01",
        "ed": "2021-06-24",
        "departmentId": 3,
        "positionId": 10
    },
    {
        "firstName": "Mario",
        "lastName": "Lamort",
        "email": "mlamortq@cbc.ca",
        "password": "SIhi7o",
        "telephone": "3523733554",
        "address": "918 Maple Crossing",
        "dob": "1978-03-18",
        "ed": "2020-12-09",
        "departmentId": 4,
        "positionId": 8
    },
    {
        "firstName": "Sela",
        "lastName": "Drews",
        "email": "sdrewsr@sitemeter.com",
        "password": "6Pufmq46hMi",
        "telephone": "8092872718",
        "address": "13549 Michigan Drive",
        "dob": "1992-05-15",
        "ed": "2022-05-04",
        "departmentId": 3,
        "positionId": 1
    },
    {
        "firstName": "Frederik",
        "lastName": "Creebo",
        "email": "fcreebos@sciencedirect.com",
        "password": "5OfDs2eCJpSb",
        "telephone": "9179316896",
        "address": "61976 Melvin Pass",
        "dob": "1991-05-15",
        "ed": "2021-10-29",
        "departmentId": 3,
        "positionId": 6
    },
    {
        "firstName": "Charmane",
        "lastName": "Glanester",
        "email": "cglanestert@tripod.com",
        "password": "jy2aIeUI8",
        "telephone": "2595119726",
        "address": "9 Pierstorff Trail",
        "dob": "1985-12-31",
        "ed": "2020-05-01",
        "departmentId": 4,
        "positionId": 10
    },
    {
        "firstName": "Kurt",
        "lastName": "Gerry",
        "email": "kgerryu@gravatar.com",
        "password": "54YAbmEVj",
        "telephone": "8825843542",
        "address": "4 Cordelia Lane",
        "dob": "1981-01-08",
        "ed": "2020-01-15",
        "departmentId": 4,
        "positionId": 14
    },
    {
        "firstName": "Olimpia",
        "lastName": "Tiley",
        "email": "otileyv@bloglines.com",
        "password": "eiY7in9a",
        "telephone": "2845772103",
        "address": "138 American Point",
        "dob": "1977-06-22",
        "ed": "2020-09-14",
        "departmentId": 4,
        "positionId": 14
    },
    {
        "firstName": "Brannon",
        "lastName": "Clunan",
        "email": "bclunanw@toplist.cz",
        "password": "IOjLUQ0jg",
        "telephone": "8977312860",
        "address": "2 Maple Hill",
        "dob": "1974-11-11",
        "ed": "2021-03-15",
        "departmentId": 5,
        "positionId": 7
    },
    {
        "firstName": "Shepperd",
        "lastName": "Woolliams",
        "email": "swoolliamsx@plala.or.jp",
        "password": "xBM2yBP4AQ",
        "telephone": "6315089191",
        "address": "583 Westerfield Avenue",
        "dob": "1980-10-11",
        "ed": "2020-04-26",
        "departmentId": 4,
        "positionId": 10
    },
    {
        "firstName": "Sile",
        "lastName": "Knee",
        "email": "skneey@howstuffworks.com",
        "password": "Wm1RUGl",
        "telephone": "5199419634",
        "address": "31097 Acker Park",
        "dob": "1979-08-04",
        "ed": "2021-03-18",
        "departmentId": 5,
        "positionId": 13
    },
    {
        "firstName": "Katrinka",
        "lastName": "Tanguy",
        "email": "ktanguyz@archive.org",
        "password": "Lh1UydQyH",
        "telephone": "5425168486",
        "address": "2 Norway Maple Lane",
        "dob": "1971-01-29",
        "ed": "2021-10-18",
        "departmentId": 3,
        "positionId": 3
    },
    {
        "firstName": "Marge",
        "lastName": "Northam",
        "email": "mnortham10@sun.com",
        "password": "O09iqT",
        "telephone": "4618898200",
        "address": "042 Union Alley",
        "dob": "1996-07-19",
        "ed": "2020-02-12",
        "departmentId": 5,
        "positionId": 4
    },
    {
        "firstName": "Jackson",
        "lastName": "Stolle",
        "email": "jstolle11@friendfeed.com",
        "password": "xwkdOj",
        "telephone": "8358952609",
        "address": "3275 Kinsman Way",
        "dob": "1989-10-08",
        "ed": "2020-09-02",
        "departmentId": 3,
        "positionId": 2
    },
    {
        "firstName": "Zed",
        "lastName": "Blastock",
        "email": "zblastock12@ebay.co.uk",
        "password": "bLyfZ1n",
        "telephone": "1221935707",
        "address": "2475 Westerfield Way",
        "dob": "1987-09-22",
        "ed": "2022-04-13",
        "departmentId": 5,
        "positionId": 6
    },
    {
        "firstName": "Libbie",
        "lastName": "Sabater",
        "email": "lsabater13@digg.com",
        "password": "F18mTmvnxGsD",
        "telephone": "7598110750",
        "address": "84197 Utah Center",
        "dob": "1977-12-30",
        "ed": "2020-10-18",
        "departmentId": 2,
        "positionId": 18
    },
    {
        "firstName": "Myra",
        "lastName": "Mulheron",
        "email": "mmulheron14@si.edu",
        "password": "p51FREdSuN0K",
        "telephone": "9045761065",
        "address": "882 Village Green Road",
        "dob": "1972-06-18",
        "ed": "2020-10-08",
        "departmentId": 4,
        "positionId": 5
    },
    {
        "firstName": "Carce",
        "lastName": "Kroch",
        "email": "ckroch15@macromedia.com",
        "password": "NlGpew",
        "telephone": "6314357158",
        "address": "23573 Pine View Parkway",
        "dob": "1995-01-12",
        "ed": "2022-02-02",
        "departmentId": 5,
        "positionId": 17
    },
    {
        "firstName": "Bary",
        "lastName": "Simpkiss",
        "email": "bsimpkiss16@statcounter.com",
        "password": "uV8CXgmR",
        "telephone": "5303624526",
        "address": "8107 Arapahoe Place",
        "dob": "1976-11-18",
        "ed": "2021-01-26",
        "departmentId": 4,
        "positionId": 2
    },
    {
        "firstName": "Dari",
        "lastName": "Maudson",
        "email": "dmaudson17@dion.ne.jp",
        "password": "OJHPEcNrX1L",
        "telephone": "8833590461",
        "address": "0 Namekagon Circle",
        "dob": "1994-01-20",
        "ed": "2021-02-22",
        "departmentId": 3,
        "positionId": 20
    },
    {
        "firstName": "Everett",
        "lastName": "Little",
        "email": "elittle18@europa.eu",
        "password": "hPhcJ63",
        "telephone": "6706601238",
        "address": "8237 International Park",
        "dob": "1986-01-16",
        "ed": "2020-06-28",
        "departmentId": 1,
        "positionId": 13
    },
    {
        "firstName": "Dion",
        "lastName": "Dalgarnowch",
        "email": "ddalgarnowch19@paginegialle.it",
        "password": "xbHGoEsKNj",
        "telephone": "7745580454",
        "address": "7080 Ryan Street",
        "dob": "1971-01-27",
        "ed": "2021-03-04",
        "departmentId": 3,
        "positionId": 19
    },
    {
        "firstName": "Joline",
        "lastName": "Drakeley",
        "email": "jdrakeley1a@uiuc.edu",
        "password": "h2gpvyiE",
        "telephone": "9835711646",
        "address": "3 Del Mar Point",
        "dob": "1997-04-13",
        "ed": "2021-02-20",
        "departmentId": 1,
        "positionId": 7
    },
    {
        "firstName": "Tome",
        "lastName": "Lutas",
        "email": "tlutas1b@chron.com",
        "password": "o1ZQeekV7BB",
        "telephone": "1644152781",
        "address": "26 Dunning Circle",
        "dob": "1991-01-20",
        "ed": "2022-01-29",
        "departmentId": 1,
        "positionId": 8
    },
    {
        "firstName": "Billi",
        "lastName": "Farquar",
        "email": "bfarquar1c@qq.com",
        "password": "12xfoKXyh",
        "telephone": "2541870266",
        "address": "91889 Fairfield Park",
        "dob": "1980-04-26",
        "ed": "2020-02-24",
        "departmentId": 2,
        "positionId": 9
    },
    {
        "firstName": "Orella",
        "lastName": "Jolliman",
        "email": "ojolliman1d@is.gd",
        "password": "atnwwjugH",
        "telephone": "2223232268",
        "address": "3221 Oneill Pass",
        "dob": "1984-09-08",
        "ed": "2021-08-22",
        "departmentId": 3,
        "positionId": 2
    }
]