[
    {
        "drugID": 1001,
        "drugName": "Guaifenesin",
        "productOf": "Dominica",
        "price": 120.89
    },
    {
        "drugID": 1002,
        "drugName": "Docusate sodium",
        "productOf": "Japan",
        "price": 237.8
    },
    {
        "drugID": 1003,
        "drugName": "Sodium Fluoride",
        "productOf": "Philippines",
        "price": 113.26
    },
    {
        "drugID": 1004,
        "drugName": "FAMOTIDINE",
        "productOf": "Thailand",
        "price": 29.88
    },
    {
        "drugID": 1005,
        "drugName": "Venlafaxine",
        "productOf": "Pakistan",
        "price": 231.5
    },
    {
        "drugID": 1006,
        "drugName": "Octinoxate",
        "productOf": "China",
        "price": 23.32
    },
    {
        "drugID": 1007,
        "drugName": "Doxepin Hydrochloride",
        "productOf": "France",
        "price": 293.52
    },
    {
        "drugID": 1008,
        "drugName": "penicillin G potassium",
        "productOf": "Kazakhstan",
        "price": 189.95
    },
    {
        "drugID": 1009,
        "drugName": "Bacitracin Zinc, Polymyxin B Sulfate, Neomycin Sulfate, Pramoxine Hydrochloride",
        "productOf": "United States",
        "price": 178.83
    },
    {
        "drugID": 1010,
        "drugName": "OXYBENZONE, PADIMATE",
        "productOf": "South Africa",
        "price": 58.03
    },
    {
        "drugID": 1011,
        "drugName": "TOPIRAMATE",
        "productOf": "Serbia",
        "price": 111.86
    },
    {
        "drugID": 1012,
        "drugName": "Acetaminophen",
        "productOf": "Moldova",
        "price": 229.64
    },
    {
        "drugID": 1013,
        "drugName": "Aluminum Chloride",
        "productOf": "Indonesia",
        "price": 114.34
    },
    {
        "drugID": 1014,
        "drugName": "Cockroach American",
        "productOf": "Monaco",
        "price": 285.16
    },
    {
        "drugID": 1015,
        "drugName": "ACNE CREAM",
        "productOf": "China",
        "price": 291.96
    },
    {
        "drugID": 1016,
        "drugName": "Hydromorphone HCl",
        "productOf": "France",
        "price": 252.55
    },
    {
        "drugID": 1017,
        "drugName": "Leucovorin Calcium",
        "productOf": "France",
        "price": 209.68
    },
    {
        "drugID": 1018,
        "drugName": "Thompson Seedless Grape",
        "productOf": "Russia",
        "price": 88.87
    },
    {
        "drugID": 1019,
        "drugName": "Titanium Dioxide, OCTINOXATE, Zinc Oxide",
        "productOf": "Japan",
        "price": 107.46
    },
    {
        "drugID": 1020,
        "drugName": "Triclosan",
        "productOf": "China",
        "price": 13.81
    },
    {
        "drugID": 1021,
        "drugName": "YTTRIUM FLUORIDE",
        "productOf": "China",
        "price": 106.48
    },
    {
        "drugID": 1022,
        "drugName": "AVOBENZONE, OCTINOXATE, OCTOCRYLENE, OXYBENZONE",
        "productOf": "Russia",
        "price": 171.39
    },
    {
        "drugID": 1023,
        "drugName": "Lorazepam",
        "productOf": "Mexico",
        "price": 89.85
    },
    {
        "drugID": 1024,
        "drugName": "ciprofloxacin hydrochloride",
        "productOf": "Indonesia",
        "price": 98.54
    },
    {
        "drugID": 1025,
        "drugName": "White Petrolatum",
        "productOf": "Philippines",
        "price": 24.29
    },
    {
        "drugID": 1026,
        "drugName": "Loratadine",
        "productOf": "China",
        "price": 18.65
    },
    {
        "drugID": 1027,
        "drugName": "DEXMEDETOMIDINE HYDROCHLORIDE",
        "productOf": "Philippines",
        "price": 225.09
    },
    {
        "drugID": 1028,
        "drugName": "Triamcinolone Acetonide",
        "productOf": "Sudan",
        "price": 254.78
    },
    {
        "drugID": 1029,
        "drugName": "Metaxalone",
        "productOf": "Bangladesh",
        "price": 76.14
    },
    {
        "drugID": 1030,
        "drugName": "Mosquito",
        "productOf": "China",
        "price": 36.8
    },
    {
        "drugID": 1031,
        "drugName": "bevacizumab",
        "productOf": "Morocco",
        "price": 102.77
    },
    {
        "drugID": 1032,
        "drugName": "Benazepril Hydrochloride",
        "productOf": "Indonesia",
        "price": 122.5
    },
    {
        "drugID": 1033,
        "drugName": "Hydrocortisone",
        "productOf": "Madagascar",
        "price": 28.2
    },
    {
        "drugID": 1034,
        "drugName": "Dextromethorphan Hydrobromide, Doxylamine Succinate",
        "productOf": "Russia",
        "price": 20.08
    },
    {
        "drugID": 1035,
        "drugName": "Lovastatin",
        "productOf": "Russia",
        "price": 275.81
    },
    {
        "drugID": 1036,
        "drugName": "Atropa Belladonna, Arnica Montana",
        "productOf": "Russia",
        "price": 57.0
    },
    {
        "drugID": 1037,
        "drugName": "Meclizine HCl",
        "productOf": "China",
        "price": 44.44
    },
    {
        "drugID": 1038,
        "drugName": "Desloratadine",
        "productOf": "Portugal",
        "price": 249.48
    },
    {
        "drugID": 1039,
        "drugName": "Calcium Acetate",
        "productOf": "Iran",
        "price": 24.86
    },
    {
        "drugID": 1040,
        "drugName": "PODOFILOX",
        "productOf": "Venezuela",
        "price": 166.32
    },
    {
        "drugID": 1041,
        "drugName": "Cefazolin",
        "productOf": "Portugal",
        "price": 127.26
    },
    {
        "drugID": 1042,
        "drugName": "BENZALKONIUM CHLORIDE",
        "productOf": "Serbia",
        "price": 126.15
    },
    {
        "drugID": 1043,
        "drugName": "Nicotine Polacrilex",
        "productOf": "Germany",
        "price": 96.52
    },
    {
        "drugID": 1044,
        "drugName": "OCTISALATE, AVOBENZONE",
        "productOf": "Philippines",
        "price": 43.05
    },
    {
        "drugID": 1045,
        "drugName": "alendronate sodium",
        "productOf": "Ireland",
        "price": 276.28
    },
    {
        "drugID": 1046,
        "drugName": "ESCITALOPRAM OXALATE",
        "productOf": "China",
        "price": 280.29
    },
    {
        "drugID": 1047,
        "drugName": "Iris germanica comp.",
        "productOf": "China",
        "price": 278.06
    },
    {
        "drugID": 1048,
        "drugName": "Magnesium hydroxide",
        "productOf": "Poland",
        "price": 70.52
    },
    {
        "drugID": 1049,
        "drugName": "magnesium hydroxide",
        "productOf": "China",
        "price": 225.22
    },
    {
        "drugID": 1050,
        "drugName": "Triclosan",
        "productOf": "China",
        "price": 91.36
    },
    {
        "drugID": 1051,
        "drugName": "METFORMIN HYDROCHLORIDE",
        "productOf": "Indonesia",
        "price": 211.82
    },
    {
        "drugID": 1052,
        "drugName": "Alkyl (68% C12, 32% C14) Dimethyl Ethylbenzyl Ammonium Chloride and Alkyl Dimethyl Benzyl Ammonium Chloride",
        "productOf": "China",
        "price": 202.48
    },
    {
        "drugID": 1053,
        "drugName": "quetiapine fumarate",
        "productOf": "Philippines",
        "price": 274.2
    },
    {
        "drugID": 1054,
        "drugName": "Gabapentin",
        "productOf": "Indonesia",
        "price": 35.06
    },
    {
        "drugID": 1055,
        "drugName": "pyrantel pamoate",
        "productOf": "Indonesia",
        "price": 285.83
    },
    {
        "drugID": 1056,
        "drugName": "Olibanum, Thuja Occidentalis, Gelsemium Sempervirens, Red Cedar, Allium Cepa, Antimonium Tartaricum, Hepar Sulphuris Calcareum, Juniperus Communis.",
        "productOf": "Ethiopia",
        "price": 104.18
    },
    {
        "drugID": 1057,
        "drugName": "Peppermint",
        "productOf": "China",
        "price": 150.75
    },
    {
        "drugID": 1058,
        "drugName": "GENTAMICIN SULFATE",
        "productOf": "Czech Republic",
        "price": 151.23
    },
    {
        "drugID": 1059,
        "drugName": "bos taurus adrenal gland, sus scrofa adrenal gland, ascorbic acid, bos taurus bone marrow, sus scrofa bone marrow, bos taurus red blood cell, sus scrofa red blood cell, filgrastim, aldesleukin, interferon gamma-1a, bos taurus lymph, sus scrofa lymph, bos taurus peyers patches, sus scrofa small intestine mucosa lymph follicle, bos taurus thymus, sus scrofa thymus",
        "productOf": "Indonesia",
        "price": 264.0
    },
    {
        "drugID": 1060,
        "drugName": "KETOROLAC TROMETHAMINE",
        "productOf": "Sweden",
        "price": 65.83
    },
    {
        "drugID": 1061,
        "drugName": "bupropion hydrochloride",
        "productOf": "Indonesia",
        "price": 117.89
    },
    {
        "drugID": 1062,
        "drugName": "Esmolol Hydrochloride",
        "productOf": "Czech Republic",
        "price": 168.59
    },
    {
        "drugID": 1063,
        "drugName": "TITANIUM DIOXIDE",
        "productOf": "Indonesia",
        "price": 61.07
    },
    {
        "drugID": 1064,
        "drugName": "finasteride",
        "productOf": "United States",
        "price": 47.18
    },
    {
        "drugID": 1065,
        "drugName": "Ampicillin and Sulbactam",
        "productOf": "Indonesia",
        "price": 81.59
    },
    {
        "drugID": 1066,
        "drugName": "GALANTAMINE HYDROBROMIDE",
        "productOf": "France",
        "price": 38.22
    },
    {
        "drugID": 1067,
        "drugName": "Chicken Feather",
        "productOf": "Panama",
        "price": 296.3
    },
    {
        "drugID": 1068,
        "drugName": "frovatriptan succinate",
        "productOf": "Portugal",
        "price": 102.77
    },
    {
        "drugID": 1069,
        "drugName": "Dock Sour Sheep Sorrel",
        "productOf": "Indonesia",
        "price": 220.97
    },
    {
        "drugID": 1070,
        "drugName": "venlafaxine hydrochloride",
        "productOf": "China",
        "price": 262.32
    },
    {
        "drugID": 1071,
        "drugName": "DIAZEPAM",
        "productOf": "Peru",
        "price": 196.04
    },
    {
        "drugID": 1072,
        "drugName": "Acetaminophen, Dextromethorphan HBr, Doxylamine Succinate, Phenylephrine HCl",
        "productOf": "Tanzania",
        "price": 123.8
    },
    {
        "drugID": 1073,
        "drugName": "Candida albicans",
        "productOf": "Japan",
        "price": 13.1
    },
    {
        "drugID": 1074,
        "drugName": "CHLOROXYLENOL",
        "productOf": "Indonesia",
        "price": 228.51
    },
    {
        "drugID": 1075,
        "drugName": "Thyreoidea Ferrum",
        "productOf": "Indonesia",
        "price": 283.14
    },
    {
        "drugID": 1076,
        "drugName": "escitalopram oxalate",
        "productOf": "Thailand",
        "price": 99.63
    },
    {
        "drugID": 1077,
        "drugName": "Macrodantin",
        "productOf": "Peru",
        "price": 119.35
    },
    {
        "drugID": 1078,
        "drugName": "Streptomyces",
        "productOf": "Madagascar",
        "price": 289.86
    },
    {
        "drugID": 1079,
        "drugName": "TRICLOSAN",
        "productOf": "China",
        "price": 137.39
    },
    {
        "drugID": 1080,
        "drugName": "glyburide",
        "productOf": "Canada",
        "price": 221.24
    },
    {
        "drugID": 1081,
        "drugName": "Clonidine Hydrochloride",
        "productOf": "Nicaragua",
        "price": 249.46
    },
    {
        "drugID": 1082,
        "drugName": "bacillus subtilis",
        "productOf": "Russia",
        "price": 31.4
    },
    {
        "drugID": 1083,
        "drugName": "Alcohol",
        "productOf": "Portugal",
        "price": 124.09
    },
    {
        "drugID": 1084,
        "drugName": "Avobenzone 2.5%, Octinoxate 6%, Oxybenzone 3%",
        "productOf": "Indonesia",
        "price": 108.57
    },
    {
        "drugID": 1085,
        "drugName": "valsartan",
        "productOf": "Canada",
        "price": 14.05
    },
    {
        "drugID": 1086,
        "drugName": "Argentum nitricum, Arsenicum iodatum, Bryonia, Carbo vegetabiles, Conium maculatum, Kali bichromicum, Lachesis mutus, Lycopodium, Nux vomica and Viscum album",
        "productOf": "China",
        "price": 229.85
    },
    {
        "drugID": 1087,
        "drugName": "BENZOYL PEROXIDE",
        "productOf": "Panama",
        "price": 199.71
    },
    {
        "drugID": 1088,
        "drugName": "ranitidine hydrochloride",
        "productOf": "China",
        "price": 42.38
    },
    {
        "drugID": 1089,
        "drugName": "Naproxen sodium, Pseudoephedrine HCl",
        "productOf": "Russia",
        "price": 210.27
    },
    {
        "drugID": 1090,
        "drugName": "Norethindrone Acetate and Ethinyl Estradiol and Ferrous Fumarate",
        "productOf": "Afghanistan",
        "price": 118.6
    },
    {
        "drugID": 1091,
        "drugName": "oxygen",
        "productOf": "Peru",
        "price": 273.04
    },
    {
        "drugID": 1092,
        "drugName": "OXCARBAZEPINE",
        "productOf": "Thailand",
        "price": 142.44
    },
    {
        "drugID": 1093,
        "drugName": "Pyrithione Zinc",
        "productOf": "Swaziland",
        "price": 16.25
    },
    {
        "drugID": 1094,
        "drugName": "NEOMYCIN",
        "productOf": "Mexico",
        "price": 128.67
    },
    {
        "drugID": 1095,
        "drugName": "Hydrogen Peroxide",
        "productOf": "Japan",
        "price": 46.82
    },
    {
        "drugID": 1096,
        "drugName": "Montelukast Sodium",
        "productOf": "Indonesia",
        "price": 16.09
    },
    {
        "drugID": 1097,
        "drugName": "Triclocarban",
        "productOf": "Thailand",
        "price": 69.89
    },
    {
        "drugID": 1098,
        "drugName": "Povidone Iodine",
        "productOf": "Philippines",
        "price": 134.3
    },
    {
        "drugID": 1099,
        "drugName": "Guaifenesin",
        "productOf": "Albania",
        "price": 176.97
    },
    {
        "drugID": 1100,
        "drugName": "Ethyl Alcohol",
        "productOf": "Indonesia",
        "price": 291.31
    }
]